"species","bill_l_mean","bill_d_mean"
"Adelie",38.7913907284768,18.346357615894
"Chinstrap",48.8338235294118,18.4205882352941
"Gentoo",47.5048780487805,14.9821138211382
