"species","min","mean","median","max"
"Adelie",32.1,38.7913907284768,38.8,46
"Gentoo",40.9,47.5048780487805,47.3,59.6
"Chinstrap",40.9,48.8338235294118,49.55,58
